<?xml version="1.0" encoding="UTF-8"?>
<PeakList>
  <PeakList1D>
    <PeakList1DHeader creator="WritePeakFile 110302" date="2022-05-02T11:32:05.282+02:00" expNo="131" name="May02-2022" owner="" procNo="1" source="C:/Bruker/TopSpin3.6.0/data/nmrsu/nmr">
      <PeakPickDetails>F1=0.000ppm, F2=0.000ppm, MI=0.00cm, MAXI=0.00cm, PC=0.000
      </PeakPickDetails>
    </PeakList1DHeader>
    <Peak1D F1="4.6977" intensity="1000.000000" type="0"/>
    <Peak1D F1="3.9260" intensity="0.492590" type="0"/>
  </PeakList1D>
</PeakList>