<EreticRegionList serialization="custom">
  <unserializable-parents/>
  <list>
    <default>
      <size>7</size>
    </default>
    <int>7</int>
    <EreticRegion>
      <numberOfNuclei>1</numberOfNuclei>
      <regionStart>6.527464</regionStart>
      <regionEnd>6.522513</regionEnd>
      <bias>0.0</bias>
      <slope>0.0</slope>
      <moleculeName></moleculeName>
      <molarMass>NaN</molarMass>
      <concentration>0.013860095617512686</concentration>
      <concentrationError>5.523821967621716E-4</concentrationError>
    </EreticRegion>
    <EreticRegion>
      <numberOfNuclei>1</numberOfNuclei>
      <regionStart>3.06</regionStart>
      <regionEnd>2.98</regionEnd>
      <bias>0.0</bias>
      <slope>0.0</slope>
      <moleculeName></moleculeName>
      <molarMass>NaN</molarMass>
      <concentration>2.466420014744624</concentration>
      <concentrationError>0.0022240349072633844</concentrationError>
    </EreticRegion>
    <EreticRegion>
      <numberOfNuclei>1</numberOfNuclei>
      <regionStart>5.259832</regionStart>
      <regionEnd>5.223587</regionEnd>
      <bias>0.0</bias>
      <slope>0.0</slope>
      <moleculeName></moleculeName>
      <molarMass>NaN</molarMass>
      <concentration>2.9188924769090128</concentration>
      <concentrationError>0.0015020524754199298</concentrationError>
    </EreticRegion>
    <EreticRegion>
      <numberOfNuclei>1</numberOfNuclei>
      <regionStart>4.343983</regionStart>
      <regionEnd>4.278016</regionEnd>
      <bias>0.0</bias>
      <slope>0.0</slope>
      <moleculeName></moleculeName>
      <molarMass>NaN</molarMass>
      <concentration>9.313546673881298</concentration>
      <concentrationError>0.0020721245864809973</concentrationError>
    </EreticRegion>
    <EreticRegion>
      <numberOfNuclei>1</numberOfNuclei>
      <regionStart>4.130136</regionStart>
      <regionEnd>4.104402</regionEnd>
      <bias>0.0</bias>
      <slope>0.0</slope>
      <moleculeName></moleculeName>
      <molarMass>NaN</molarMass>
      <concentration>6.217841718735328</concentration>
      <concentrationError>0.0012991072270020156</concentrationError>
    </EreticRegion>
    <EreticRegion>
      <numberOfNuclei>1</numberOfNuclei>
      <regionStart>1.355236</regionStart>
      <regionEnd>1.314331</regionEnd>
      <bias>0.0</bias>
      <slope>0.0</slope>
      <moleculeName></moleculeName>
      <molarMass>NaN</molarMass>
      <concentration>1.7303213085605744</concentration>
      <concentrationError>0.001590224737266887</concentrationError>
    </EreticRegion>
    <EreticRegion>
      <numberOfNuclei>1</numberOfNuclei>
      <regionStart>1.210176</regionStart>
      <regionEnd>1.167825</regionEnd>
      <bias>0.0</bias>
      <slope>0.0</slope>
      <moleculeName></moleculeName>
      <molarMass>NaN</molarMass>
      <concentration>0.4789529928871637</concentration>
      <concentrationError>0.0016157527007070011</concentrationError>
    </EreticRegion>
  </list>
  <EreticRegionList>
    <default>
      <sampleVolume>NaN</sampleVolume>
    </default>
  </EreticRegionList>
</EreticRegionList>